﻿<?xml version="1.0" encoding="utf-8" ?> 
<configuration>
  <ModelItem Key="1" Path="Template\TemplateModel.dll" 	        ClassName="Esint.Template.Model.Model_01"	            Title="Model层" 	          FileName="{0}Info" 		FilePath="C:\Code\Model\"  		NameSpace="Esint.{0}.Model"		CodeType="C#" 	IsMBuilder="True"/>
   <ModelItem Key="5" Path="Template\TemplateWeb.dll"            ClassName="Esint.Template.TemplateWeb.Web"	    Title="前台添加修改页面" 	  FileName="UC_{0}Info" 	FilePath="C:\Code\Web\" 		NameSpace="Esint.{0}.Web"	CodeType="HTML" IsMBuilder="False"  IsWeb="True"/>
  <ModelItem Key="6" Path="Template\TemplateWeb.dll"            ClassName="Esint.Template.TemplateWeb.WebList"	    Title="前台列表页面" 	  FileName="UC_{0}List" 	FilePath="C:\Code\Web\" 		NameSpace="Esint.{0}.Web"	CodeType="HTML" IsMBuilder="False"  IsWeb="True"/>
  <ModelItem Key="7" Path="Template\TemplateIDAL.dll" 	        ClassName="Esint.Template.IDAL.IDAL_16"	    Title="工厂-接口层" 	          FileName="I{0}Data" 		FilePath="C:\Code\IDAL\"  		        NameSpace="Esint.{0}.IDAL"		CodeType="C#" 	IsMBuilder="True"/>
  <ModelItem Key="8" Path="Template\TemplateSqlDAL.dll" 	ClassName="Esint.Template.SqlDAL.SqlDAL_16"	    Title="工厂-SQL访问层"   FileName="{0}Data" 		FilePath="C:\Code\SqlDAL\" 	 	NameSpace="Esint.{0}.SqlDAL"		CodeType="C#" 	IsMBuilder="True"/>
  <ModelItem Key="9" Path="Template\TemplateOracleDAL.dll" 	ClassName="Esint.Template.OracleDAL.OracleDAL_11"  Title="工厂-Oracle访问层" 	  FileName="{0}Data" 		FilePath="C:\Code\OracleDAL\"  	        NameSpace="Esint.{0}.OracleDAL"		CodeType="C#" 	IsMBuilder="True"/>
  <ModelItem Key="10" Path="Template\TemplateFactory.dll"        ClassName="Esint.Template.Factory.Factory_11"	    Title="工厂-反射工厂层" 	  FileName="Factory" 		FilePath="C:\Code\Factory\" 			NameSpace="Esint.{0}.Factory"		CodeType="C#"   IsMBuilder="True"  SignFile="True"/>
  <ModelItem Key="11" Path="Template\TemplateBLL.dll" 	        ClassName="Esint.Template.BLL.BLL_16"	            Title="工厂-业务逻辑层" 	          FileName="{0}Service" 	FilePath="C:\Code\BLL\"  		NameSpace="Esint.{0}.BLL"		CodeType="C#" 	IsMBuilder="True"/>
  
</configuration>