﻿<?xml version="1.0" encoding="utf-8"?>
<configuration>
  <DataBaseType>SqlServer</DataBaseType>
  <ConnectString>server=192.168.100.25;User ID=sa;Password=password01!;database=zwwITSSDB_Test;Connection Reset=true;Max Pool Size=512</ConnectString>
  <TableHeaderString>T_</TableHeaderString>
  <DBUserID>sa</DBUserID>
  <DataBaseName>zwwITSSDB_Test</DataBaseName>
  <CodeSelectSQL>select  FLAG, MEANING as meaning from T_Sys_CODEMAP  </CodeSelectSQL>
  <CodeSQL>select meaning from t_Sys_code where flag='{0}'  and code={1}</CodeSQL>
  <AppName>Maticsoft.DAL</AppName>
  <OperName>刘鑫</OperName>
  <IsOpenFolder>1</IsOpenFolder>
  <RegCode>B7C0BAEB7A5DAB08865C15C8920F858F</RegCode>
  <WebServer2>http://localhost/webservice/</WebServer2>
  <WebServer>http://192.168.0.217:10086/</WebServer>
</configuration>