<?xml version="1.0" encoding="UTF-8"?><?xml-stylesheet type='text/xsl' href='_UpgradeReport_Files/UpgradeReport.xslt'?><UpgradeLog>
<Properties><Property Name="Solution" Value="CodeBuilderReg">
</Property><Property Name="解决方案文件" Value="E:\注册机\CodeBuilderReg\CodeBuilderReg.sln">
</Property><Property Name="用户选项文件" Value="E:\注册机\CodeBuilderReg\CodeBuilderReg.suo">
</Property><Property Name="Date" Value="2013年7月10日">
</Property><Property Name="Time" Value="10:51">
</Property></Properties><Event ErrorLevel="0" Project="" Source="CodeBuilderReg.sln" Description="文件已成功备份为 E:\注册机\CodeBuilderReg\Backup\CodeBuilderReg.sln">
</Event><Event ErrorLevel="0" Project="" Source="CodeBuilderReg.suo" Description="文件已成功备份为 E:\注册机\CodeBuilderReg\Backup\CodeBuilderReg.suo">
</Event><Event ErrorLevel="0" Project="CodeBuilderReg" Source="CodeBuilderReg\CodeBuilderReg.csproj" Description="项目文件已成功备份为 E:\注册机\CodeBuilderReg\Backup\CodeBuilderReg\CodeBuilderReg.csproj">
</Event><Event ErrorLevel="0" Project="CodeBuilderReg" Source="CodeBuilderReg\Form1.cs" Description="文件已成功备份为 E:\注册机\CodeBuilderReg\Backup\CodeBuilderReg\Form1.cs">
</Event><Event ErrorLevel="0" Project="CodeBuilderReg" Source="CodeBuilderReg\Form1.Designer.cs" Description="文件已成功备份为 E:\注册机\CodeBuilderReg\Backup\CodeBuilderReg\Form1.Designer.cs">
</Event><Event ErrorLevel="0" Project="CodeBuilderReg" Source="CodeBuilderReg\MD5.cs" Description="文件已成功备份为 E:\注册机\CodeBuilderReg\Backup\CodeBuilderReg\MD5.cs">
</Event><Event ErrorLevel="0" Project="CodeBuilderReg" Source="CodeBuilderReg\Program.cs" Description="文件已成功备份为 E:\注册机\CodeBuilderReg\Backup\CodeBuilderReg\Program.cs">
</Event><Event ErrorLevel="0" Project="CodeBuilderReg" Source="CodeBuilderReg\Properties\AssemblyInfo.cs" Description="文件已成功备份为 E:\注册机\CodeBuilderReg\Backup\CodeBuilderReg\Properties\AssemblyInfo.cs">
</Event><Event ErrorLevel="0" Project="CodeBuilderReg" Source="CodeBuilderReg\Properties\Resources.Designer.cs" Description="文件已成功备份为 E:\注册机\CodeBuilderReg\Backup\CodeBuilderReg\Properties\Resources.Designer.cs">
</Event><Event ErrorLevel="0" Project="CodeBuilderReg" Source="CodeBuilderReg\Properties\Settings.Designer.cs" Description="文件已成功备份为 E:\注册机\CodeBuilderReg\Backup\CodeBuilderReg\Properties\Settings.Designer.cs">
</Event><Event ErrorLevel="0" Project="CodeBuilderReg" Source="CodeBuilderReg\Properties\Settings.settings" Description="文件已成功备份为 E:\注册机\CodeBuilderReg\Backup\CodeBuilderReg\Properties\Settings.settings">
</Event><Event ErrorLevel="0" Project="CodeBuilderReg" Source="CodeBuilderReg\Form1.resx" Description="文件已成功备份为 E:\注册机\CodeBuilderReg\Backup\CodeBuilderReg\Form1.resx">
</Event><Event ErrorLevel="0" Project="CodeBuilderReg" Source="CodeBuilderReg\Properties\Resources.resx" Description="文件已成功备份为 E:\注册机\CodeBuilderReg\Backup\CodeBuilderReg\Properties\Resources.resx">
</Event><Event ErrorLevel="0" Project="CodeBuilderReg" Source="CodeBuilderReg\CodeBuilderReg.csproj" Description="项目已成功转换">
</Event><Event ErrorLevel="3" Project="CodeBuilderReg" Source="CodeBuilderReg\CodeBuilderReg.csproj" Description="Converted">
</Event><Event ErrorLevel="0" Project="" Source="CodeBuilderReg.sln" Description="成功转换解决方案">
</Event><Event ErrorLevel="3" Project="" Source="CodeBuilderReg.sln" Description="Converted">
</Event><Event ErrorLevel="0" Project="CodeBuilderReg" Source="CodeBuilderReg\CodeBuilderReg.csproj" Description="扫描完成: 项目文件不需要升级。">
</Event></UpgradeLog>