﻿<?xml version="1.0" encoding="utf-8"?>
<configuration>
  <DataBaseType>Oracle</DataBaseType>
  <ConnectString>User ID=leon;Password=password01;Data Source=PDBORCL;</ConnectString>
  <TableHeaderString>T_</TableHeaderString>
  <DBUserID>leon</DBUserID>
  <DataBaseName>PDBORCL</DataBaseName>
  <CodeSelectSQL>select  FLAG, MEANING as meaning from T_Sys_CODEMAP  </CodeSelectSQL>
  <CodeSQL>select meaning from T_Sys_code where flag='{0}'  and code={1}</CodeSQL>
  <AppName>eshop.esintdata</AppName>
  <OperName>Esint</OperName>
  <IsOpenFolder>1</IsOpenFolder>
  <RegCode>A742FC4E98420A79744EF184CBE99F19</RegCode>
  <WebServer2>http://localhost/webservice/</WebServer2>
  <WebServer>
  </WebServer>
  <page>page</page>
  <pageSize>pagesize</pageSize>
  <sort>sortname</sort>
  <order>sortorder</order>
</configuration>