﻿<?xml version="1.0" encoding="utf-8"?>
<configuration>
  <DataBaseType>SqlServer</DataBaseType>
  <ConnectString>server=192.168.100.25;User ID=sa;Password=password01!;database=SCOANew;Connection Reset=true;Max Pool Size=512</ConnectString>
  <TableHeaderString>T_</TableHeaderString>
  <DBUserID>sa</DBUserID>
  <DataBaseName>SCOANew</DataBaseName>
  <CodeSelectSQL>select  FLAG, MEANING as meaning from T_Sys_CODEMAP</CodeSelectSQL>
  <CodeSQL>select meaning from t_Sys_code where flag='{0}'  and code={1}</CodeSQL>
  <AppName>TJ_TransportationCommission</AppName>
  <OperName>刘祎祎</OperName>
  <IsOpenFolder>1</IsOpenFolder>
  <RegCode>253AA15143A138F4B80DC6092009E716</RegCode>
  <WebServer2>http://localhost/webservice/</WebServer2>
  <WebServer>
  </WebServer>
</configuration>