<?xml version="1.0" encoding="UTF-8"?><?xml-stylesheet type='text/xsl' href='_UpgradeReport_Files/UpgradeReport.xslt'?><UpgradeLog>
<Properties><Property Name="Solution" Value="CodeBuilder">
</Property><Property Name="解决方案文件" Value="D:\201212WWWRoot\Esint.CodeBuilder\CodeBuilder.sln">
</Property><Property Name="Date" Value="2013年1月18日">
</Property><Property Name="Time" Value="11:06">
</Property></Properties><Event ErrorLevel="0" Project="CodeBuilder" Source="CodeBuilder\CodeBuilder.csproj" Description="项目已成功转换">
</Event><Event ErrorLevel="3" Project="CodeBuilder" Source="CodeBuilder\CodeBuilder.csproj" Description="Converted">
</Event><Event ErrorLevel="0" Project="InterFace" Source="InterFace\InterFace.csproj" Description="项目已成功转换">
</Event><Event ErrorLevel="3" Project="InterFace" Source="InterFace\InterFace.csproj" Description="Converted">
</Event><Event ErrorLevel="0" Project="Model" Source="Model\Model.csproj" Description="项目已成功转换">
</Event><Event ErrorLevel="3" Project="Model" Source="Model\Model.csproj" Description="Converted">
</Event><Event ErrorLevel="0" Project="OracleData" Source="OracleData\OracleData.csproj" Description="项目已成功转换">
</Event><Event ErrorLevel="3" Project="OracleData" Source="OracleData\OracleData.csproj" Description="Converted">
</Event><Event ErrorLevel="0" Project="SqlData" Source="SqlData\SqlData.csproj" Description="项目已成功转换">
</Event><Event ErrorLevel="3" Project="SqlData" Source="SqlData\SqlData.csproj" Description="Converted">
</Event><Event ErrorLevel="0" Project="TemplateBLL" Source="Template\TemplateBLL\TemplateBLL.csproj" Description="项目已成功转换">
</Event><Event ErrorLevel="3" Project="TemplateBLL" Source="Template\TemplateBLL\TemplateBLL.csproj" Description="Converted">
</Event><Event ErrorLevel="0" Project="TemplateCommon" Source="Template\TemplateCommon\TemplateCommon.csproj" Description="项目已成功转换">
</Event><Event ErrorLevel="3" Project="TemplateCommon" Source="Template\TemplateCommon\TemplateCommon.csproj" Description="Converted">
</Event><Event ErrorLevel="0" Project="TemplateFactory" Source="Template\TemplateFactory\TemplateFactory.csproj" Description="项目已成功转换">
</Event><Event ErrorLevel="3" Project="TemplateFactory" Source="Template\TemplateFactory\TemplateFactory.csproj" Description="Converted">
</Event><Event ErrorLevel="0" Project="TemplateIDAL" Source="Template\TemplateIDAL\TemplateIDAL.csproj" Description="项目已成功转换">
</Event><Event ErrorLevel="3" Project="TemplateIDAL" Source="Template\TemplateIDAL\TemplateIDAL.csproj" Description="Converted">
</Event><Event ErrorLevel="0" Project="TemplateModel" Source="Template\TemplateModel\TemplateModel.csproj" Description="项目已成功转换">
</Event><Event ErrorLevel="3" Project="TemplateModel" Source="Template\TemplateModel\TemplateModel.csproj" Description="Converted">
</Event><Event ErrorLevel="0" Project="TemplateOracleDAL" Source="Template\TemplateOracleDAL\TemplateOracleDAL.csproj" Description="项目已成功转换">
</Event><Event ErrorLevel="3" Project="TemplateOracleDAL" Source="Template\TemplateOracleDAL\TemplateOracleDAL.csproj" Description="Converted">
</Event><Event ErrorLevel="0" Project="TemplateSqlDAL" Source="Template\TemplateSQLDAL\TemplateSqlDAL.csproj" Description="项目已成功转换">
</Event><Event ErrorLevel="3" Project="TemplateSqlDAL" Source="Template\TemplateSQLDAL\TemplateSqlDAL.csproj" Description="Converted">
</Event><Event ErrorLevel="0" Project="TemplateWeb" Source="Template\TemplateWeb\TemplateWeb.csproj" Description="项目已成功转换">
</Event><Event ErrorLevel="3" Project="TemplateWeb" Source="Template\TemplateWeb\TemplateWeb.csproj" Description="Converted">
</Event><Event ErrorLevel="0" Project="Web" Source="WebServer\Web\Web.csproj" Description="项目已成功转换">
</Event><Event ErrorLevel="3" Project="Web" Source="WebServer\Web\Web.csproj" Description="Converted">
</Event><Event ErrorLevel="0" Project="BLL" Source="WebServer\BLL\BLL.csproj" Description="项目已成功转换">
</Event><Event ErrorLevel="3" Project="BLL" Source="WebServer\BLL\BLL.csproj" Description="Converted">
</Event><Event ErrorLevel="0" Project="Factory" Source="WebServer\Factory\Factory.csproj" Description="项目已成功转换">
</Event><Event ErrorLevel="3" Project="Factory" Source="WebServer\Factory\Factory.csproj" Description="Converted">
</Event><Event ErrorLevel="0" Project="IDAL" Source="WebServer\IDAL\IDAL.csproj" Description="项目已成功转换">
</Event><Event ErrorLevel="3" Project="IDAL" Source="WebServer\IDAL\IDAL.csproj" Description="Converted">
</Event><Event ErrorLevel="0" Project="SqlDAL" Source="WebServer\SqlDAL\SqlDAL.csproj" Description="项目已成功转换">
</Event><Event ErrorLevel="3" Project="SqlDAL" Source="WebServer\SqlDAL\SqlDAL.csproj" Description="Converted">
</Event><Event ErrorLevel="0" Project="OracleDAL" Source="WebServer\OracleDAL\OracleDAL.csproj" Description="项目已成功转换">
</Event><Event ErrorLevel="3" Project="OracleDAL" Source="WebServer\OracleDAL\OracleDAL.csproj" Description="Converted">
</Event><Event ErrorLevel="0" Project="Model" Source="WebServer\Model\Model.csproj" Description="项目已成功转换">
</Event><Event ErrorLevel="3" Project="Model" Source="WebServer\Model\Model.csproj" Description="Converted">
</Event><Event ErrorLevel="0" Project="" Source="CodeBuilder.sln" Description="成功转换解决方案">
</Event><Event ErrorLevel="3" Project="" Source="CodeBuilder.sln" Description="Converted">
</Event><Event ErrorLevel="0" Project="TemplateBLL" Source="Template\TemplateBLL\TemplateBLL.csproj" Description="扫描完成: 项目文件不需要升级。">
</Event><Event ErrorLevel="0" Project="TemplateCommon" Source="Template\TemplateCommon\TemplateCommon.csproj" Description="扫描完成: 项目文件不需要升级。">
</Event><Event ErrorLevel="0" Project="TemplateFactory" Source="Template\TemplateFactory\TemplateFactory.csproj" Description="扫描完成: 项目文件不需要升级。">
</Event><Event ErrorLevel="0" Project="TemplateIDAL" Source="Template\TemplateIDAL\TemplateIDAL.csproj" Description="扫描完成: 项目文件不需要升级。">
</Event><Event ErrorLevel="0" Project="TemplateModel" Source="Template\TemplateModel\TemplateModel.csproj" Description="扫描完成: 项目文件不需要升级。">
</Event><Event ErrorLevel="0" Project="TemplateOracleDAL" Source="Template\TemplateOracleDAL\TemplateOracleDAL.csproj" Description="扫描完成: 项目文件不需要升级。">
</Event><Event ErrorLevel="0" Project="TemplateSqlDAL" Source="Template\TemplateSQLDAL\TemplateSqlDAL.csproj" Description="扫描完成: 项目文件不需要升级。">
</Event><Event ErrorLevel="0" Project="TemplateWeb" Source="Template\TemplateWeb\TemplateWeb.csproj" Description="扫描完成: 项目文件不需要升级。">
</Event><Event ErrorLevel="0" Project="InterFace" Source="InterFace\InterFace.csproj" Description="扫描完成: 项目文件不需要升级。">
</Event><Event ErrorLevel="0" Project="Model" Source="Model\Model.csproj" Description="扫描完成: 项目文件不需要升级。">
</Event><Event ErrorLevel="0" Project="OracleData" Source="OracleData\OracleData.csproj" Description="扫描完成: 项目文件不需要升级。">
</Event><Event ErrorLevel="0" Project="SqlData" Source="SqlData\SqlData.csproj" Description="扫描完成: 项目文件不需要升级。">
</Event><Event ErrorLevel="0" Project="Web" Source="WebServer\Web\Web.csproj" Description="扫描完成: 项目文件不需要升级。">
</Event><Event ErrorLevel="0" Project="BLL" Source="WebServer\BLL\BLL.csproj" Description="扫描完成: 项目文件不需要升级。">
</Event><Event ErrorLevel="0" Project="Factory" Source="WebServer\Factory\Factory.csproj" Description="扫描完成: 项目文件不需要升级。">
</Event><Event ErrorLevel="0" Project="IDAL" Source="WebServer\IDAL\IDAL.csproj" Description="扫描完成: 项目文件不需要升级。">
</Event><Event ErrorLevel="0" Project="SqlDAL" Source="WebServer\SqlDAL\SqlDAL.csproj" Description="扫描完成: 项目文件不需要升级。">
</Event><Event ErrorLevel="0" Project="OracleDAL" Source="WebServer\OracleDAL\OracleDAL.csproj" Description="扫描完成: 项目文件不需要升级。">
</Event><Event ErrorLevel="0" Project="Model" Source="WebServer\Model\Model.csproj" Description="扫描完成: 项目文件不需要升级。">
</Event><Event ErrorLevel="0" Project="CodeBuilder" Source="CodeBuilder\CodeBuilder.csproj" Description="扫描完成: 项目文件不需要升级。">
</Event></UpgradeLog>